{
  "model_label": "boosted_tree",
  "model_name": "recommendation-system-475301.books.boosted_tree_regressor_model",
  "timestamp": "20251115_170639",
  "project_id": "recommendation-system-475301",
  "dataset_id": "books",
  "metrics": {
    "train": {
      "mean_absolute_error": 1.294194930162538,
      "mean_squared_error": 2.526842102918769,
      "mean_squared_log_error": 3.7673744434004615,
      "median_absolute_error": 1.11741418838501,
      "r2_score": 0.41637905538142506,
      "explained_variance": 0.4176471699672456
    },
    "val": {
      "mean_absolute_error": 1.2892381389833527,
      "mean_squared_error": 2.5214105793164396,
      "mean_squared_log_error": 3.6506230247774583,
      "median_absolute_error": 1.1116237725530356,
      "r2_score": 0.4155300992858768,
      "explained_variance": 0.4166274986662124
    },
    "test": {
      "mean_absolute_error": 1.2875599938721694,
      "mean_squared_error": 2.516095513417492,
      "mean_squared_log_error": 4.068683367978322,
      "median_absolute_error": 1.1104689439137774,
      "r2_score": 0.4107989306811388,
      "explained_variance": 0.41199830596835507
    }
  }
}