{
  "model_label": "matrix_factorization",
  "model_name": "recommendation-system-475301.books.matrix_factorization_model",
  "timestamp": "20251115_170634",
  "project_id": "recommendation-system-475301",
  "dataset_id": "books",
  "metrics": {
    "train": {
      "mean_absolute_error": 0.5595716772120367,
      "mean_squared_error": 0.8082048940281384,
      "mean_squared_log_error": 1.5546056251062512,
      "median_absolute_error": 0.28317733799928424,
      "r2_score": 0.8133301233372691,
      "explained_variance": 0.813330123337269
    },
    "val": {
      "mean_absolute_error": 1.7550912112877397,
      "mean_squared_error": 7.960924214260052,
      "mean_squared_log_error": 8.094975501980363,
      "median_absolute_error": 1.7186661132473482,
      "r2_score": -0.8453641081979457,
      "explained_variance": -0.8453616668126147
    },
    "test": {
      "mean_absolute_error": 1.7456997815524764,
      "mean_squared_error": 5.279379768819886,
      "mean_squared_log_error": 8.186517051269973,
      "median_absolute_error": 1.7066432890678718,
      "r2_score": -0.2362870123733778,
      "explained_variance": -0.23627328872248543
    }
  }
}