{
  "model_name": "matrix_factorization",
  "timestamp": "2025-11-17T04:48:44.471265",
  "predictions_table": "recommendation-system-475301.books.matrix_factorization_rating_predictions",
  "performance_metrics": {
    "num_predictions": 2858454,
    "mae": 1.735910276517342,
    "rmse": 2.7590096756154545,
    "mean_predicted": -2.0799190040251068,
    "mean_actual": -2.0518967325252087,
    "std_error": 2.7588678484463034,
    "r_squared": 0.01322461648134191,
    "correlation": 0.11499833251548437,
    "accuracy_within_0_5_pct": 7.605614783375909,
    "accuracy_within_1_0_pct": 20.785921340696753,
    "accuracy_within_1_5_pct": 41.01339395351473
  },
  "sensitivity_analysis": null
}