{
  "model_name": "boosted_tree_regressor",
  "timestamp": "2025-11-18T16:45:43.225390",
  "predictions_table": "recommendation-system-475301.books.boosted_tree_rating_predictions",
  "performance_metrics": {
    "num_predictions": 2858454,
    "mae": 1.2867517313139025,
    "rmse": 1.586496785544524,
    "mean_predicted": -1.9814687084798823,
    "mean_actual": -2.0518967325251882,
    "std_error": 1.5849330657076293,
    "r_squared": 0.4148404340640824,
    "correlation": 0.6440810772442258,
    "accuracy_within_0_5_pct": 23.458100077874263,
    "accuracy_within_1_0_pct": 45.509495692426746,
    "accuracy_within_1_5_pct": 63.77832212797547
  },
  "sensitivity_analysis": null
}