{
  "model_name": "matrix_factorization",
  "timestamp": "2025-11-18T16:07:59.685329",
  "predictions_table": "recommendation-system-475301.books.matrix_factorization_rating_predictions",
  "performance_metrics": {
    "num_predictions": 2858454,
    "mae": 1.7518749325808947,
    "rmse": 2.013788027093072,
    "mean_predicted": -2.108177964330003,
    "mean_actual": -2.0518967325252033,
    "std_error": 2.013001753258303,
    "r_squared": 0.06989624565722492,
    "correlation": 0.2643789811184409,
    "accuracy_within_0_5_pct": 7.034187011580386,
    "accuracy_within_1_0_pct": 19.935041809313706,
    "accuracy_within_1_5_pct": 40.151599431021104
  },
  "sensitivity_analysis": null
}