{
  "model_name": "matrix_factorization",
  "timestamp": "2025-11-18T02:22:57.776668",
  "predictions_table": "recommendation-system-475301.books.matrix_factorization_rating_predictions",
  "performance_metrics": {
    "num_predictions": 2858454,
    "mae": 1.7409066352435623,
    "rmse": 1.9621511008357557,
    "mean_predicted": -2.0782722781932597,
    "mean_actual": -2.0518967325252007,
    "std_error": 1.9619741638853454,
    "r_squared": 0.10031900292358424,
    "correlation": 0.3167317523135062,
    "accuracy_within_0_5_pct": 7.488523516558251,
    "accuracy_within_1_0_pct": 20.837452692959204,
    "accuracy_within_1_5_pct": 41.05474497752981
  },
  "sensitivity_analysis": null
}