{
  "model_name": "boosted_tree_regressor",
  "timestamp": "2025-11-18T02:22:55.287086",
  "predictions_table": "recommendation-system-475301.books.boosted_tree_rating_predictions",
  "performance_metrics": {
    "num_predictions": 2858454,
    "mae": 1.2825867408163876,
    "rmse": 1.5842938714310988,
    "mean_predicted": -1.9835970539451837,
    "mean_actual": -2.0518967325252087,
    "std_error": 1.5828212474631722,
    "r_squared": 0.41639945609492907,
    "correlation": 0.6452902107539902,
    "accuracy_within_0_5_pct": 23.663140984602165,
    "accuracy_within_1_0_pct": 45.70635035582171,
    "accuracy_within_1_5_pct": 64.03825284576908
  },
  "sensitivity_analysis": null
}