{
  "model_name": "matrix_factorization",
  "timestamp": "2025-11-18T17:53:20.045411",
  "predictions_table": "recommendation-system-475301.books.matrix_factorization_rating_predictions",
  "performance_metrics": {
    "num_predictions": 2858454,
    "mae": 1.7484996109927684,
    "rmse": 2.032854399222597,
    "mean_predicted": -2.0701636321105394,
    "mean_actual": -2.0518967325251882,
    "std_error": 2.0327726814409175,
    "r_squared": 0.06457577772055995,
    "correlation": 0.2541176454332913,
    "accuracy_within_0_5_pct": 7.120072598684464,
    "accuracy_within_1_0_pct": 20.173072576994418,
    "accuracy_within_1_5_pct": 40.51529253225695
  },
  "sensitivity_analysis": null
}